geosot	id
11011001111000	10978
11011001110010	10979
11011001110000	10980
11011001011010	10981
11011001011000	10982
11011001010010	10983
11011001010000	10984
11010011111010	10985
11010011111000	10986
11010011110010	10987
11010011110000	10988
11010011011010	10989
11010011011000	10990
11010011010010	10991
11010011010000	10992
11010001111010	10993
11010001111000	10994
11010001110010	10995
11010001110000	10996
11010001011010	10997
11010001011000	10998
11010001010010	10999
11010001010000	11000
01010001010000	11001
01010001010010	11002
01010001011000	11003
01010001011010	11004
01010001110000	11005
01010001110010	11006
01010001111000	11007
01010001111010	11008
01010011010000	11009
01010011010010	11010
01010011011000	11011
01010011011010	11012
01010011110000	11013
01010011110010	11014
01010011111000	11015
01010011111010	11016
01011001010000	11017
01011001010010	11018
01011001011000	11019
01011001011010	11020
01011001110000	11021
01011001110010	11022
01011001111000	11023
11011001101101	11024
11011001100111	11025
11011001100101	11026
11011001001111	11027
11011001001101	11028
11011001000111	11029
11011001000101	11030
11010011101111	11031
11010011101101	11032
11010011100111	11033
11010011100101	11034
11010011001111	11035
11010011001101	11036
11010011000111	11037
11010011000101	11038
11010001101111	11039
11010001101101	11040
11010001100111	11041
11010001100101	11042
11010001001111	11043
11010001001101	11044
11010001000111	11045
11010001000101	11046
01010001000101	11047
01010001000111	11048
01010001001101	11049
01010001001111	11050
01010001100101	11051
01010001100111	11052
01010001101101	11053
01010001101111	11054
01010011000101	11055
01010011000111	11056
01010011001101	11057
01010011001111	11058
01010011100101	11059
01010011100111	11060
01010011101101	11061
01010011101111	11062
01011001000101	11063
01011001000111	11064
01011001001101	11065
01011001001111	11066
01011001100101	11067
01011001100111	11068
01011001101101	11069
11011001101100	11070
11011001100110	11071
11011001100100	11072
11011001001110	11073
11011001001100	11074
11011001000110	11075
11011001000100	11076
11010011101110	11077
11010011101100	11078
11010011100110	11079
11010011100100	11080
11010011001110	11081
11010011001100	11082
11010011000110	11083
11010011000100	11084
11010001101110	11085
11010001101100	11086
11010001100110	11087
11010001100100	11088
11010001001110	11089
11010001001100	11090
11010001000110	11091
11010001000100	11092
01010001000100	11093
01010001000110	11094
01010001001100	11095
01010001001110	11096
01010001100100	11097
01010001100110	11098
01010001101100	11099
01010001101110	11100
01010011000100	11101
01010011000110	11102
01010011001100	11103
01010011001110	11104
01010011100100	11105
01010011100110	11106
01010011101100	11107
01010011101110	11108
01011001000100	11109
01011001000110	11110
01011001001100	11111
01011001001110	11112
01011001100100	11113
01011001100110	11114
01011001101100	11115
11011001101001	11116
11011001100011	11117
11011001100001	11118
11011001001011	11119
11011001001001	11120
11011001000011	11121
11011001000001	11122
11010011101011	11123
11010011101001	11124
11010011100011	11125
11010011100001	11126
11010011001011	11127
11010011001001	11128
11010011000011	11129
11010011000001	11130
11010001101011	11131
11010001101001	11132
11010001100011	11133
11010001100001	11134
11010001001011	11135
11010001001001	11136
11010001000011	11137
11010001000001	11138
01010001000001	11139
01010001000011	11140
01010001001001	11141
01010001001011	11142
01010001100001	11143
01010001100011	11144
01010001101001	11145
01010001101011	11146
01010011000001	11147
01010011000011	11148
01010011001001	11149
01010011001011	11150
01010011100001	11151
01010011100011	11152
01010011101001	11153
01010011101011	11154
01011001000001	11155
01011001000011	11156
01011001001001	11157
01011001001011	11158
01011001100001	11159
01011001100011	11160
01011001101001	11161
11011001101000	11162
11011001100010	11163
11011001100000	11164
11011001001010	11165
11011001001000	11166
11011001000010	11167
11011001000000	11168
11010011101010	11169
11010011101000	11170
11010011100010	11171
11010011100000	11172
11010011001010	11173
11010011001000	11174
11010011000010	11175
11010011000000	11176
11010001101010	11177
11010001101000	11178
11010001100010	11179
11010001100000	11180
11010001001010	11181
11010001001000	11182
11010001000010	11183
11010001000000	11184
01010001000000	11185
01010001000010	11186
01010001001000	11187
01010001001010	11188
01010001100000	11189
01010001100010	11190
01010001101000	11191
01010001101010	11192
01010011000000	11193
01010011000010	11194
01010011001000	11195
01010011001010	11196
01010011100000	11197
01010011100010	11198
01010011101000	11199
01010011101010	11200
01011001000000	11201
01011001000010	11202
01011001001000	11203
01011001001010	11204
01011001100000	11205
01011001100010	11206
01011001101000	11207
11011000111101	11208
11011000110111	11209
11011000110101	11210
11011000011111	11211
11011000011101	11212
11011000010111	11213
11011000010101	11214
11010010111111	11215
11010010111101	11216
11010010110111	11217
11010010110101	11218
11010010011111	11219
11010010011101	11220
11010010010111	11221
11010010010101	11222
11010000111111	11223
11010000111101	11224
11010000110111	11225
11010000110101	11226
11010000011111	11227
11010000011101	11228
11010000010111	11229
11010000010101	11230
01010000010101	11231
01010000010111	11232
01010000011101	11233
01010000011111	11234
01010000110101	11235
01010000110111	11236
01010000111101	11237
01010000111111	11238
01010010010101	11239
01010010010111	11240
01010010011101	11241
01010010011111	11242
01010010110101	11243
01010010110111	11244
01010010111101	11245
01010010111111	11246
01011000010101	11247
01011000010111	11248
01011000011101	11249
01011000011111	11250
01011000110101	11251
01011000110111	11252
01011000111101	11253
11011000111100	11254
11011000110110	11255
11011000110100	11256
11011000011110	11257
11011000011100	11258
11011000010110	11259
11011000010100	11260
11010010111110	11261
11010010111100	11262
11010010110110	11263
11010010110100	11264
11010010011110	11265
11010010011100	11266
11010010010110	11267
11010010010100	11268
11010000111110	11269
11010000111100	11270
11010000110110	11271
11010000110100	11272
11010000011110	11273
11010000011100	11274
11010000010110	11275
11010000010100	11276
01010000010100	11277
01010000010110	11278
01010000011100	11279
01010000011110	11280
01010000110100	11281
01010000110110	11282
01010000111100	11283
01010000111110	11284
01010010010100	11285
01010010010110	11286
01010010011100	11287
01010010011110	11288
01010010110100	11289
01010010110110	11290
01010010111100	11291
01010010111110	11292
01011000010100	11293
01011000010110	11294
01011000011100	11295
01011000011110	11296
01011000110100	11297
01011000110110	11298
01011000111100	11299
11011000111001	11300
11011000110011	11301
11011000110001	11302
11011000011011	11303
11011000011001	11304
11011000010011	11305
11011000010001	11306
11010010111011	11307
11010010111001	11308
11010010110011	11309
11010010110001	11310
11010010011011	11311
11010010011001	11312
11010010010011	11313
11010010010001	11314
11010000111011	11315
11010000111001	11316
11010000110011	11317
11010000110001	11318
11010000011011	11319
11010000011001	11320
11010000010011	11321
11010000010001	11322
01010000010001	11323
01010000010011	11324
01010000011001	11325
01010000011011	11326
01010000110001	11327
01010000110011	11328
01010000111001	11329
01010000111011	11330
01010010010001	11331
01010010010011	11332
01010010011001	11333
01010010011011	11334
01010010110001	11335
01010010110011	11336
01010010111001	11337
01010010111011	11338
01011000010001	11339
01011000010011	11340
01011000011001	11341
01011000011011	11342
01011000110001	11343
01011000110011	11344
01011000111001	11345
11011000111000	11346
11011000110010	11347
11011000110000	11348
11011000011010	11349
11011000011000	11350
11011000010010	11351
11011000010000	11352
11010010111010	11353
11010010111000	11354
11010010110010	11355
11010010110000	11356
11010010011010	11357
11010010011000	11358
11010010010010	11359
11010010010000	11360
11010000111010	11361
11010000111000	11362
11010000110010	11363
11010000110000	11364
11010000011010	11365
11010000011000	11366
11010000010010	11367
11010000010000	11368
01010000010000	11369
01010000010010	11370
01010000011000	11371
01010000011010	11372
01010000110000	11373
01010000110010	11374
01010000111000	11375
01010000111010	11376
01010010010000	11377
01010010010010	11378
01010010011000	11379
01010010011010	11380
01010010110000	11381
01010010110010	11382
01010010111000	11383
01010010111010	11384
01011000010000	11385
01011000010010	11386
01011000011000	11387
01011000011010	11388
01011000110000	11389
01011000110010	11390
01011000111000	11391
11011000101101	11392
11011000100111	11393
11011000100101	11394
11011000001111	11395
11011000001101	11396
11011000000111	11397
11011000000101	11398
11010010101111	11399
11010010101101	11400
11010010100111	11401
11010010100101	11402
11010010001111	11403
11010010001101	11404
11010010000111	11405
11010010000101	11406
11010000101111	11407
11010000101101	11408
11010000100111	11409
11010000100101	11410
11010000001111	11411
11010000001101	11412
11010000000111	11413
11010000000101	11414
01010000000101	11415
01010000000111	11416
01010000001101	11417
01010000001111	11418
01010000100101	11419
01010000100111	11420
01010000101101	11421
01010000101111	11422
01010010000101	11423
01010010000111	11424
01010010001101	11425
01010010001111	11426
01010010100101	11427
01010010100111	11428
01010010101101	11429
01010010101111	11430
01011000000101	11431
01011000000111	11432
01011000001101	11433
01011000001111	11434
01011000100101	11435
01011000100111	11436
01011000101101	11437
11011000101100	11438
11011000100110	11439
11011000100100	11440
11011000001110	11441
11011000001100	11442
11011000000110	11443
11011000000100	11444
11010010101110	11445
11010010101100	11446
11010010100110	11447
11010010100100	11448
11010010001110	11449
11010010001100	11450
11010010000110	11451
11010010000100	11452
11010000101110	11453
11010000101100	11454
11010000100110	11455
11010000100100	11456
11010000001110	11457
11010000001100	11458
11010000000110	11459
11010000000100	11460
01010000000100	11461
01010000000110	11462
01010000001100	11463
01010000001110	11464
01010000100100	11465
01010000100110	11466
01010000101100	11467
01010000101110	11468
01010010000100	11469
01010010000110	11470
01010010001100	11471
01010010001110	11472
01010010100100	11473
01010010100110	11474
01010010101100	11475
01010010101110	11476
01011000000100	11477
01011000000110	11478
01011000001100	11479
01011000001110	11480
01011000100100	11481
01011000100110	11482
01011000101100	11483
11011000101001	11484
11011000100011	11485
11011000100001	11486
11011000001011	11487
11011000001001	11488
11011000000011	11489
11011000000001	11490
11010010101011	11491
11010010101001	11492
11010010100011	11493
11010010100001	11494
11010010001011	11495
11010010001001	11496
11010010000011	11497
11010010000001	11498
11010000101011	11499
11010000101001	11500
11010000100011	11501
11010000100001	11502
11010000001011	11503
11010000001001	11504
11010000000011	11505
11010000000001	11506
01010000000001	11507
01010000000011	11508
01010000001001	11509
01010000001011	11510
01010000100001	11511
01010000100011	11512
01010000101001	11513
01010000101011	11514
01010010000001	11515
01010010000011	11516
01010010001001	11517
01010010001011	11518
01010010100001	11519
01010010100011	11520
01010010101001	11521
01010010101011	11522
01011000000001	11523
01011000000011	11524
01011000001001	11525
01011000001011	11526
01011000100001	11527
01011000100011	11528
01011000101001	11529
11011000101000	11530
11011000100010	11531
11011000100000	11532
11011000001010	11533
11011000001000	11534
11011000000010	11535
11011000000000	11536
11010010101010	11537
11010010101000	11538
11010010100010	11539
11010010100000	11540
11010010001010	11541
11010010001000	11542
11010010000010	11543
11010010000000	11544
11010000101010	11545
11010000101000	11546
11010000100010	11547
11010000100000	11548
11010000001010	11549
11010000001000	11550
11010000000010	11551
11010000000000	11552
01010000000000	11553
01010000000010	11554
01010000001000	11555
01010000001010	11556
01010000100000	11557
01010000100010	11558
01010000101000	11559
01010000101010	11560
01010010000000	11561
01010010000010	11562
01010010001000	11563
01010010001010	11564
01010010100000	11565
01010010100010	11566
01010010101000	11567
01010010101010	11568
01011000000000	11569
01011000000010	11570
01011000001000	11571
01011000001010	11572
01011000100000	11573
01011000100010	11574
01011000101000	11575
11001101111101	11576
11001101110111	11577
11001101110101	11578
11001101011111	11579
11001101011101	11580
11001101010111	11581
11001101010101	11582
11000111111111	11583
11000111111101	11584
11000111110111	11585
11000111110101	11586
11000111011111	11587
11000111011101	11588
11000111010111	11589
11000111010101	11590
11000101111111	11591
11000101111101	11592
11000101110111	11593
11000101110101	11594
11000101011111	11595
11000101011101	11596
11000101010111	11597
11000101010101	11598
01000101010101	11599
01000101010111	11600
01000101011101	11601
01000101011111	11602
01000101110101	11603
01000101110111	11604
01000101111101	11605
01000101111111	11606
01000111010101	11607
01000111010111	11608
01000111011101	11609
01000111011111	11610
01000111110101	11611
01000111110111	11612
01000111111101	11613
01000111111111	11614
01001101010101	11615
01001101010111	11616
01001101011101	11617
01001101011111	11618
01001101110101	11619
01001101110111	11620
01001101111101	11621
11001101111100	11622
11001101110110	11623
11001101110100	11624
11001101011110	11625
11001101011100	11626
11001101010110	11627
11001101010100	11628
11000111111110	11629
11000111111100	11630
11000111110110	11631
11000111110100	11632
11000111011110	11633
11000111011100	11634
11000111010110	11635
11000111010100	11636
11000101111110	11637
11000101111100	11638
11000101110110	11639
11000101110100	11640
11000101011110	11641
11000101011100	11642
11000101010110	11643
11000101010100	11644
01000101010100	11645
01000101010110	11646
01000101011100	11647
01000101011110	11648
01000101110100	11649
01000101110110	11650
01000101111100	11651
01000101111110	11652
01000111010100	11653
01000111010110	11654
01000111011100	11655
01000111011110	11656
01000111110100	11657
01000111110110	11658
01000111111100	11659
01000111111110	11660
01001101010100	11661
01001101010110	11662
01001101011100	11663
01001101011110	11664
01001101110100	11665
01001101110110	11666
01001101111100	11667
11001101111001	11668
11001101110011	11669
11001101110001	11670
11001101011011	11671
11001101011001	11672
11001101010011	11673
11001101010001	11674
11000111111011	11675
11000111111001	11676
11000111110011	11677
11000111110001	11678
11000111011011	11679
11000111011001	11680
11000111010011	11681
11000111010001	11682
11000101111011	11683
11000101111001	11684
11000101110011	11685
11000101110001	11686
11000101011011	11687
11000101011001	11688
11000101010011	11689
11000101010001	11690
01000101010001	11691
01000101010011	11692
01000101011001	11693
01000101011011	11694
01000101110001	11695
01000101110011	11696
01000101111001	11697
01000101111011	11698
01000111010001	11699
01000111010011	11700
01000111011001	11701
01000111011011	11702
01000111110001	11703
01000111110011	11704
01000111111001	11705
01000111111011	11706
01001101010001	11707
01001101010011	11708
01001101011001	11709
01001101011011	11710
01001101110001	11711
01001101110011	11712
01001101111001	11713
11001101111000	11714
11001101110010	11715
11001101110000	11716
11001101011010	11717
11001101011000	11718
11001101010010	11719
11001101010000	11720
11000111111010	11721
11000111111000	11722
11000111110010	11723
11000111110000	11724
11000111011010	11725
11000111011000	11726
11000111010010	11727
11000111010000	11728
11000101111010	11729
11000101111000	11730
11000101110010	11731
11000101110000	11732
11000101011010	11733
11000101011000	11734
11000101010010	11735
11000101010000	11736
01000101010000	11737
01000101010010	11738
01000101011000	11739
01000101011010	11740
01000101110000	11741
01000101110010	11742
01000101111000	11743
01000101111010	11744
01000111010000	11745
01000111010010	11746
01000111011000	11747
01000111011010	11748
01000111110000	11749
01000111110010	11750
01000111111000	11751
01000111111010	11752
01001101010000	11753
01001101010010	11754
01001101011000	11755
01001101011010	11756
01001101110000	11757
01001101110010	11758
01001101111000	11759
11001101101101	11760
11001101100111	11761
11001101100101	11762
11001101001111	11763
11001101001101	11764
11001101000111	11765
11001101000101	11766
11000111101111	11767
11000111101101	11768
11000111100111	11769
11000111100101	11770
11000111001111	11771
11000111001101	11772
11000111000111	11773
11000111000101	11774
11000101101111	11775
11000101101101	11776
11000101100111	11777
11000101100101	11778
11000101001111	11779
11000101001101	11780
11000101000111	11781
11000101000101	11782
01000101000101	11783
01000101000111	11784
01000101001101	11785
01000101001111	11786
01000101100101	11787
01000101100111	11788
01000101101101	11789
01000101101111	11790
01000111000101	11791
01000111000111	11792
01000111001101	11793
01000111001111	11794
01000111100101	11795
01000111100111	11796
01000111101101	11797
01000111101111	11798
01001101000101	11799
01001101000111	11800
01001101001101	11801
01001101001111	11802
01001101100101	11803
01001101100111	11804
01001101101101	11805
11001101101100	11806
11001101100110	11807
11001101100100	11808
11001101001110	11809
11001101001100	11810
11001101000110	11811
11001101000100	11812
11000111101110	11813
11000111101100	11814
11000111100110	11815
11000111100100	11816
11000111001110	11817
11000111001100	11818
11000111000110	11819
11000111000100	11820
11000101101110	11821
11000101101100	11822
11000101100110	11823
11000101100100	11824
11000101001110	11825
11000101001100	11826
11000101000110	11827
11000101000100	11828
01000101000100	11829
01000101000110	11830
01000101001100	11831
01000101001110	11832
01000101100100	11833
01000101100110	11834
01000101101100	11835
01000101101110	11836
01000111000100	11837
01000111000110	11838
01000111001100	11839
01000111001110	11840
01000111100100	11841
01000111100110	11842
01000111101100	11843
01000111101110	11844
01001101000100	11845
01001101000110	11846
01001101001100	11847
01001101001110	11848
01001101100100	11849
01001101100110	11850
01001101101100	11851
11001101101001	11852
11001101100011	11853
11001101100001	11854
11001101001011	11855
11001101001001	11856
11001101000011	11857
11001101000001	11858
11000111101011	11859
11000111101001	11860
11000111100011	11861
11000111100001	11862
11000111001011	11863
11000111001001	11864
11000111000011	11865
11000111000001	11866
11000101101011	11867
11000101101001	11868
11000101100011	11869
11000101100001	11870
11000101001011	11871
11000101001001	11872
11000101000011	11873
11000101000001	11874
01000101000001	11875
01000101000011	11876
01000101001001	11877
01000101001011	11878
01000101100001	11879
01000101100011	11880
01000101101001	11881
01000101101011	11882
01000111000001	11883
01000111000011	11884
01000111001001	11885
01000111001011	11886
01000111100001	11887
01000111100011	11888
01000111101001	11889
01000111101011	11890
01001101000001	11891
01001101000011	11892
01001101001001	11893
01001101001011	11894
01001101100001	11895
01001101100011	11896
01001101101001	11897
11001101101000	11898
11001101100010	11899
11001101100000	11900
11001101001010	11901
11001101001000	11902
11001101000010	11903
11001101000000	11904
11000111101010	11905
11000111101000	11906
11000111100010	11907
11000111100000	11908
11000111001010	11909
11000111001000	11910
11000111000010	11911
11000111000000	11912
11000101101010	11913
11000101101000	11914
11000101100010	11915
11000101100000	11916
11000101001010	11917
11000101001000	11918
11000101000010	11919
11000101000000	11920
01000101000000	11921
01000101000010	11922
01000101001000	11923
01000101001010	11924
01000101100000	11925
01000101100010	11926
01000101101000	11927
01000101101010	11928
01000111000000	11929
01000111000010	11930
01000111001000	11931
01000111001010	11932
01000111100000	11933
01000111100010	11934
01000111101000	11935
01000111101010	11936
01001101000000	11937
01001101000010	11938
01001101001000	11939
01001101001010	11940
01001101100000	11941
01001101100010	11942
01001101101000	11943
11001100111101	11944
11001100110111	11945
11001100110101	11946
11001100011111	11947
11001100011101	11948
11001100010111	11949
11001100010101	11950
11000110111111	11951
11000110111101	11952
11000110110111	11953
11000110110101	11954
11000110011111	11955
11000110011101	11956
11000110010111	11957
11000110010101	11958
11000100111111	11959
11000100111101	11960
11000100110111	11961
11000100110101	11962
11000100011111	11963
11000100011101	11964
11000100010111	11965
11000100010101	11966
01000100010101	11967
01000100010111	11968
01000100011101	11969
01000100011111	11970
01000100110101	11971
01000100110111	11972
01000100111101	11973
01000100111111	11974
01000110010101	11975
01000110010111	11976
01000110011101	11977
01000110011111	11978
01000110110101	11979
01000110110111	11980
01000110111101	11981
01000110111111	11982
01001100010101	11983
01001100010111	11984
01001100011101	11985
01001100011111	11986
01001100110101	11987
01001100110111	11988
01001100111101	11989
11001100111100	11990
11001100110110	11991
11001100110100	11992
11001100011110	11993
11001100011100	11994
11001100010110	11995
11001100010100	11996
11000110111110	11997
11000110111100	11998
11000110110110	11999
11000110110100	12000
11000110011110	12001
11000110011100	12002
11000110010110	12003
11000110010100	12004
11000100111110	12005
11000100111100	12006
11000100110110	12007
11000100110100	12008
11000100011110	12009
11000100011100	12010
11000100010110	12011
11000100010100	12012
01000100010100	12013
01000100010110	12014
01000100011100	12015
01000100011110	12016
01000100110100	12017
01000100110110	12018
01000100111100	12019
01000100111110	12020
01000110010100	12021
01000110010110	12022
01000110011100	12023
01000110011110	12024
01000110110100	12025
01000110110110	12026
01000110111100	12027
01000110111110	12028
01001100010100	12029
01001100010110	12030
01001100011100	12031
01001100011110	12032
01001100110100	12033
01001100110110	12034
01001100111100	12035
11001100111001	12036
11001100110011	12037
11001100110001	12038
11001100011011	12039
11001100011001	12040
11001100010011	12041
11001100010001	12042
11000110111011	12043
11000110111001	12044
11000110110011	12045
11000110110001	12046
11000110011011	12047
11000110011001	12048
11000110010011	12049
11000110010001	12050
11000100111011	12051
11000100111001	12052
11000100110011	12053
11000100110001	12054
11000100011011	12055
11000100011001	12056
11000100010011	12057
11000100010001	12058
01000100010001	12059
01000100010011	12060
01000100011001	12061
01000100011011	12062
01000100110001	12063
01000100110011	12064
01000100111001	12065
01000100111011	12066
01000110010001	12067
01000110010011	12068
01000110011001	12069
01000110011011	12070
01000110110001	12071
01000110110011	12072
01000110111001	12073
01000110111011	12074
01001100010001	12075
01001100010011	12076
01001100011001	12077
01001100011011	12078
01001100110001	12079
01001100110011	12080
01001100111001	12081
11001100111000	12082
11001100110010	12083
11001100110000	12084
11001100011010	12085
11001100011000	12086
11001100010010	12087
11001100010000	12088
11000110111010	12089
11000110111000	12090
11000110110010	12091
11000110110000	12092
11000110011010	12093
11000110011000	12094
11000110010010	12095
11000110010000	12096
11000100111010	12097
11000100111000	12098
11000100110010	12099
11000100110000	12100
11000100011010	12101
11000100011000	12102
11000100010010	12103
11000100010000	12104
01000100010000	12105
01000100010010	12106
01000100011000	12107
01000100011010	12108
01000100110000	12109
01000100110010	12110
01000100111000	12111
01000100111010	12112
01000110010000	12113
01000110010010	12114
01000110011000	12115
01000110011010	12116
01000110110000	12117
01000110110010	12118
01000110111000	12119
01000110111010	12120
01001100010000	12121
01001100010010	12122
01001100011000	12123
01001100011010	12124
01001100110000	12125
01001100110010	12126
01001100111000	12127
11001100101101	12128
11001100100111	12129
11001100100101	12130
11001100001111	12131
11001100001101	12132
11001100000111	12133
11001100000101	12134
11000110101111	12135
11000110101101	12136
11000110100111	12137
11000110100101	12138
11000110001111	12139
11000110001101	12140
11000110000111	12141
11000110000101	12142
11000100101111	12143
11000100101101	12144
11000100100111	12145
11000100100101	12146
11000100001111	12147
11000100001101	12148
11000100000111	12149
11000100000101	12150
01000100000101	12151
01000100000111	12152
01000100001101	12153
01000100001111	12154
01000100100101	12155
01000100100111	12156
01000100101101	12157
01000100101111	12158
01000110000101	12159
01000110000111	12160
01000110001101	12161
01000110001111	12162
01000110100101	12163
01000110100111	12164
01000110101101	12165
01000110101111	12166
01001100000101	12167
01001100000111	12168
01001100001101	12169
01001100001111	12170
01001100100101	12171
01001100100111	12172
01001100101101	12173
11001100101100	12174
11001100100110	12175
11001100100100	12176
11001100001110	12177
11001100001100	12178
11001100000110	12179
11001100000100	12180
11000110101110	12181
11000110101100	12182
11000110100110	12183
11000110100100	12184
11000110001110	12185
11000110001100	12186
11000110000110	12187
11000110000100	12188
11000100101110	12189
11000100101100	12190
11000100100110	12191
11000100100100	12192
11000100001110	12193
11000100001100	12194
11000100000110	12195
11000100000100	12196
01000100000100	12197
01000100000110	12198
01000100001100	12199
01000100001110	12200
01000100100100	12201
01000100100110	12202
01000100101100	12203
01000100101110	12204
01000110000100	12205
01000110000110	12206
01000110001100	12207
01000110001110	12208
01000110100100	12209
01000110100110	12210
01000110101100	12211
01000110101110	12212
01001100000100	12213
01001100000110	12214
01001100001100	12215
01001100001110	12216
01001100100100	12217
01001100100110	12218
01001100101100	12219
11001100101001	12220
11001100100011	12221
11001100100001	12222
11001100001011	12223
11001100001001	12224
11001100000011	12225
11001100000001	12226
11000110101011	12227
11000110101001	12228
11000110100011	12229
11000110100001	12230
11000110001011	12231
11000110001001	12232
11000110000011	12233
11000110000001	12234
11000100101011	12235
11000100101001	12236
11000100100011	12237
11000100100001	12238
11000100001011	12239
11000100001001	12240
11000100000011	12241
11000100000001	12242
01000100000001	12243
01000100000011	12244
01000100001001	12245
01000100001011	12246
01000100100001	12247
01000100100011	12248
01000100101001	12249
01000100101011	12250
01000110000001	12251
01000110000011	12252
01000110001001	12253
01000110001011	12254
01000110100001	12255
01000110100011	12256
01000110101001	12257
01000110101011	12258
01001100000001	12259
01001100000011	12260
01001100001001	12261
01001100001011	12262
01001100100001	12263
01001100100011	12264
01001100101001	12265
11001100101000	12266
11001100100010	12267
11001100100000	12268
11001100001010	12269
11001100001000	12270
11001100000010	12271
11001100000000	12272
11000110101010	12273
11000110101000	12274
11000110100010	12275
11000110100000	12276
11000110001010	12277
11000110001000	12278
11000110000010	12279
11000110000000	12280
11000100101010	12281
11000100101000	12282
11000100100010	12283
11000100100000	12284
11000100001010	12285
11000100001000	12286
11000100000010	12287
11000100000000	12288
01000100000000	12289
01000100000010	12290
01000100001000	12291
01000100001010	12292
01000100100000	12293
01000100100010	12294
01000100101000	12295
01000100101010	12296
01000110000000	12297
01000110000010	12298
01000110001000	12299
01000110001010	12300
01000110100000	12301
01000110100010	12302
01000110101000	12303
01000110101010	12304
01001100000000	12305
01001100000010	12306
01001100001000	12307
01001100001010	12308
01001100100000	12309
01001100100010	12310
01001100101000	12311
11001001111101	12312
11001001110111	12313
11001001110101	12314
11001001011111	12315
11001001011101	12316
11001001010111	12317
11001001010101	12318
11000011111111	12319
11000011111101	12320
11000011110111	12321
11000011110101	12322
11000011011111	12323
11000011011101	12324
11000011010111	12325
11000011010101	12326
11000001111111	12327
11000001111101	12328
11000001110111	12329
11000001110101	12330
11000001011111	12331
11000001011101	12332
11000001010111	12333
11000001010101	12334
01000001010101	12335
01000001010111	12336
01000001011101	12337
01000001011111	12338
01000001110101	12339
01000001110111	12340
01000001111101	12341
01000001111111	12342
01000011010101	12343
01000011010111	12344
01000011011101	12345
01000011011111	12346
01000011110101	12347
01000011110111	12348
01000011111101	12349
01000011111111	12350
01001001010101	12351
01001001010111	12352
01001001011101	12353
01001001011111	12354
01001001110101	12355
01001001110111	12356
01001001111101	12357
11001001111100	12358
11001001110110	12359
11001001110100	12360
11001001011110	12361
11001001011100	12362
11001001010110	12363
11001001010100	12364
11000011111110	12365
11000011111100	12366
11000011110110	12367
11000011110100	12368
11000011011110	12369
11000011011100	12370
11000011010110	12371
11000011010100	12372
11000001111110	12373
11000001111100	12374
11000001110110	12375
11000001110100	12376
11000001011110	12377
11000001011100	12378
11000001010110	12379
11000001010100	12380
01000001010100	12381
01000001010110	12382
01000001011100	12383
01000001011110	12384
01000001110100	12385
01000001110110	12386
01000001111100	12387
01000001111110	12388
01000011010100	12389
01000011010110	12390
01000011011100	12391
01000011011110	12392
01000011110100	12393
01000011110110	12394
01000011111100	12395
01000011111110	12396
01001001010100	12397
01001001010110	12398
01001001011100	12399
01001001011110	12400
01001001110100	12401
01001001110110	12402
01001001111100	12403
11001001111001	12404
11001001110011	12405
11001001110001	12406
11001001011011	12407
11001001011001	12408
11001001010011	12409
11001001010001	12410
11000011111011	12411
11000011111001	12412
11000011110011	12413
11000011110001	12414
11000011011011	12415
11000011011001	12416
11000011010011	12417
11000011010001	12418
11000001111011	12419
11000001111001	12420
11000001110011	12421
11000001110001	12422
11000001011011	12423
11000001011001	12424
11000001010011	12425
11000001010001	12426
01000001010001	12427
01000001010011	12428
01000001011001	12429
01000001011011	12430
01000001110001	12431
01000001110011	12432
01000001111001	12433
01000001111011	12434
01000011010001	12435
01000011010011	12436
01000011011001	12437
01000011011011	12438
01000011110001	12439
01000011110011	12440
01000011111001	12441
01000011111011	12442
01001001010001	12443
01001001010011	12444
01001001011001	12445
01001001011011	12446
01001001110001	12447
01001001110011	12448
01001001111001	12449
11001001111000	12450
11001001110010	12451
11001001110000	12452
11001001011010	12453
11001001011000	12454
11001001010010	12455
11001001010000	12456
11000011111010	12457
11000011111000	12458
11000011110010	12459
11000011110000	12460
11000011011010	12461
11000011011000	12462
11000011010010	12463
11000011010000	12464
11000001111010	12465
11000001111000	12466
11000001110010	12467
11000001110000	12468
11000001011010	12469
11000001011000	12470
11000001010010	12471
11000001010000	12472
01000001010000	12473
01000001010010	12474
01000001011000	12475
01000001011010	12476
01000001110000	12477
01000001110010	12478
01000001111000	12479
01000001111010	12480
01000011010000	12481
01000011010010	12482
01000011011000	12483
01000011011010	12484
01000011110000	12485
01000011110010	12486
01000011111000	12487
01000011111010	12488
01001001010000	12489
01001001010010	12490
01001001011000	12491
01001001011010	12492
01001001110000	12493
01001001110010	12494
01001001111000	12495
11001001101101	12496
11001001100111	12497
11001001100101	12498
11001001001111	12499
11001001001101	12500
11001001000111	12501
11001001000101	12502
11000011101111	12503
11000011101101	12504
11000011100111	12505
11000011100101	12506
11000011001111	12507
11000011001101	12508
11000011000111	12509
11000011000101	12510
11000001101111	12511
11000001101101	12512
11000001100111	12513
11000001100101	12514
11000001001111	12515
11000001001101	12516
11000001000111	12517
11000001000101	12518
01000001000101	12519
01000001000111	12520
01000001001101	12521
01000001001111	12522
01000001100101	12523
01000001100111	12524
01000001101101	12525
01000001101111	12526
01000011000101	12527
01000011000111	12528
01000011001101	12529
01000011001111	12530
01000011100101	12531
01000011100111	12532
01000011101101	12533
01000011101111	12534
01001001000101	12535
01001001000111	12536
01001001001101	12537
01001001001111	12538
01001001100101	12539
01001001100111	12540
01001001101101	12541
11001001101100	12542
11001001100110	12543
11001001100100	12544
11001001001110	12545
11001001001100	12546
11001001000110	12547
11001001000100	12548
11000011101110	12549
11000011101100	12550
11000011100110	12551
11000011100100	12552
11000011001110	12553
11000011001100	12554
11000011000110	12555
11000011000100	12556
11000001101110	12557
11000001101100	12558
11000001100110	12559
11000001100100	12560
11000001001110	12561
11000001001100	12562
11000001000110	12563
11000001000100	12564
01000001000100	12565
01000001000110	12566
01000001001100	12567
01000001001110	12568
01000001100100	12569
01000001100110	12570
01000001101100	12571
01000001101110	12572
01000011000100	12573
01000011000110	12574
01000011001100	12575
01000011001110	12576
01000011100100	12577
01000011100110	12578
01000011101100	12579
01000011101110	12580
01001001000100	12581
01001001000110	12582
01001001001100	12583
01001001001110	12584
01001001100100	12585
01001001100110	12586
01001001101100	12587
11001001101001	12588
11001001100011	12589
11001001100001	12590
11001001001011	12591
11001001001001	12592
11001001000011	12593
11001001000001	12594
11000011101011	12595
11000011101001	12596
11000011100011	12597
11000011100001	12598
11000011001011	12599
11000011001001	12600
11000011000011	12601
11000011000001	12602
11000001101011	12603
11000001101001	12604
11000001100011	12605
11000001100001	12606
11000001001011	12607
11000001001001	12608
11000001000011	12609
11000001000001	12610
01000001000001	12611
01000001000011	12612
01000001001001	12613
01000001001011	12614
01000001100001	12615
01000001100011	12616
01000001101001	12617
01000001101011	12618
01000011000001	12619
01000011000011	12620
01000011001001	12621
01000011001011	12622
01000011100001	12623
01000011100011	12624
01000011101001	12625
01000011101011	12626
01001001000001	12627
01001001000011	12628
01001001001001	12629
01001001001011	12630
01001001100001	12631
01001001100011	12632
01001001101001	12633
11001001101000	12634
11001001100010	12635
11001001100000	12636
11001001001010	12637
11001001001000	12638
11001001000010	12639
11001001000000	12640
11000011101010	12641
11000011101000	12642
11000011100010	12643
11000011100000	12644
11000011001010	12645
11000011001000	12646
11000011000010	12647
11000011000000	12648
11000001101010	12649
11000001101000	12650
11000001100010	12651
11000001100000	12652
11000001001010	12653
11000001001000	12654
11000001000010	12655
11000001000000	12656
01000001000000	12657
01000001000010	12658
01000001001000	12659
01000001001010	12660
01000001100000	12661
01000001100010	12662
01000001101000	12663
01000001101010	12664
01000011000000	12665
01000011000010	12666
01000011001000	12667
01000011001010	12668
01000011100000	12669
01000011100010	12670
01000011101000	12671
01000011101010	12672
01001001000000	12673
01001001000010	12674
01001001001000	12675
01001001001010	12676
01001001100000	12677
01001001100010	12678
01001001101000	12679
11001000111101	12680
11001000110111	12681
11001000110101	12682
11001000011111	12683
11001000011101	12684
11001000010111	12685
11001000010101	12686
11000010111111	12687
11000010111101	12688
11000010110111	12689
11000010110101	12690
11000010011111	12691
11000010011101	12692
11000010010111	12693
11000010010101	12694
11000000111111	12695
11000000111101	12696
11000000110111	12697
11000000110101	12698
11000000011111	12699
11000000011101	12700
11000000010111	12701
11000000010101	12702
01000000010101	12703
01000000010111	12704
01000000011101	12705
01000000011111	12706
01000000110101	12707
01000000110111	12708
01000000111101	12709
01000000111111	12710
01000010010101	12711
01000010010111	12712
01000010011101	12713
01000010011111	12714
01000010110101	12715
01000010110111	12716
01000010111101	12717
01000010111111	12718
01001000010101	12719
01001000010111	12720
01001000011101	12721
01001000011111	12722
01001000110101	12723
01001000110111	12724
01001000111101	12725
11001000111100	12726
11001000110110	12727
11001000110100	12728
11001000011110	12729
11001000011100	12730
11001000010110	12731
11001000010100	12732
11000010111110	12733
11000010111100	12734
11000010110110	12735
11000010110100	12736
11000010011110	12737
11000010011100	12738
11000010010110	12739
11000010010100	12740
11000000111110	12741
11000000111100	12742
11000000110110	12743
11000000110100	12744
11000000011110	12745
11000000011100	12746
11000000010110	12747
11000000010100	12748
01000000010100	12749
01000000010110	12750
01000000011100	12751
01000000011110	12752
01000000110100	12753
01000000110110	12754
01000000111100	12755
01000000111110	12756
01000010010100	12757
01000010010110	12758
01000010011100	12759
01000010011110	12760
01000010110100	12761
01000010110110	12762
01000010111100	12763
01000010111110	12764
01001000010100	12765
01001000010110	12766
01001000011100	12767
01001000011110	12768
01001000110100	12769
01001000110110	12770
01001000111100	12771
11001000111001	12772
11001000110011	12773
11001000110001	12774
11001000011011	12775
11001000011001	12776
11001000010011	12777
11001000010001	12778
11000010111011	12779
11000010111001	12780
11000010110011	12781
11000010110001	12782
11000010011011	12783
11000010011001	12784
11000010010011	12785
11000010010001	12786
11000000111011	12787
11000000111001	12788
11000000110011	12789
11000000110001	12790
11000000011011	12791
11000000011001	12792
11000000010011	12793
11000000010001	12794
01000000010001	12795
01000000010011	12796
01000000011001	12797
01000000011011	12798
01000000110001	12799
01000000110011	12800
01000000111001	12801
01000000111011	12802
01000010010001	12803
01000010010011	12804
01000010011001	12805
01000010011011	12806
01000010110001	12807
01000010110011	12808
01000010111001	12809
01000010111011	12810
01001000010001	12811
01001000010011	12812
01001000011001	12813
01001000011011	12814
01001000110001	12815
01001000110011	12816
01001000111001	12817
11001000111000	12818
11001000110010	12819
11001000110000	12820
11001000011010	12821
11001000011000	12822
11001000010010	12823
11001000010000	12824
11000010111010	12825
11000010111000	12826
11000010110010	12827
11000010110000	12828
11000010011010	12829
11000010011000	12830
11000010010010	12831
11000010010000	12832
11000000111010	12833
11000000111000	12834
11000000110010	12835
11000000110000	12836
11000000011010	12837
11000000011000	12838
11000000010010	12839
11000000010000	12840
01000000010000	12841
01000000010010	12842
01000000011000	12843
01000000011010	12844
01000000110000	12845
01000000110010	12846
01000000111000	12847
01000000111010	12848
01000010010000	12849
01000010010010	12850
01000010011000	12851
01000010011010	12852
01000010110000	12853
01000010110010	12854
01000010111000	12855
01000010111010	12856
01001000010000	12857
01001000010010	12858
01001000011000	12859
01001000011010	12860
01001000110000	12861
01001000110010	12862
01001000111000	12863
11001000101101	12864
11001000100111	12865
11001000100101	12866
11001000001111	12867
11001000001101	12868
11001000000111	12869
11001000000101	12870
11000010101111	12871
11000010101101	12872
11000010100111	12873
11000010100101	12874
11000010001111	12875
11000010001101	12876
11000010000111	12877
11000010000101	12878
11000000101111	12879
11000000101101	12880
11000000100111	12881
11000000100101	12882
11000000001111	12883
11000000001101	12884
11000000000111	12885
11000000000101	12886
01000000000101	12887
01000000000111	12888
01000000001101	12889
01000000001111	12890
01000000100101	12891
01000000100111	12892
01000000101101	12893
01000000101111	12894
01000010000101	12895
01000010000111	12896
01000010001101	12897
01000010001111	12898
01000010100101	12899
01000010100111	12900
01000010101101	12901
01000010101111	12902
01001000000101	12903
01001000000111	12904
01001000001101	12905
01001000001111	12906
01001000100101	12907
01001000100111	12908
01001000101101	12909
11001000101100	12910
11001000100110	12911
11001000100100	12912
11001000001110	12913
11001000001100	12914
11001000000110	12915
11001000000100	12916
11000010101110	12917
11000010101100	12918
11000010100110	12919
11000010100100	12920
11000010001110	12921
11000010001100	12922
11000010000110	12923
11000010000100	12924
11000000101110	12925
11000000101100	12926
11000000100110	12927
11000000100100	12928
11000000001110	12929
11000000001100	12930
11000000000110	12931
11000000000100	12932
01000000000100	12933
01000000000110	12934
01000000001100	12935
01000000001110	12936
01000000100100	12937
01000000100110	12938
01000000101100	12939
01000000101110	12940
01000010000100	12941
01000010000110	12942
01000010001100	12943
01000010001110	12944
01000010100100	12945
01000010100110	12946
01000010101100	12947
01000010101110	12948
01001000000100	12949
01001000000110	12950
01001000001100	12951
01001000001110	12952
01001000100100	12953
01001000100110	12954
01001000101100	12955
11001000101001	12956
11001000100011	12957
11001000100001	12958
11001000001011	12959
11001000001001	12960
11001000000011	12961
11001000000001	12962
11000010101011	12963
11000010101001	12964
11000010100011	12965
11000010100001	12966
11000010001011	12967
11000010001001	12968
11000010000011	12969
11000010000001	12970
11000000101011	12971
11000000101001	12972
11000000100011	12973
11000000100001	12974
11000000001011	12975
11000000001001	12976
11000000000011	12977
11000000000001	12978
01000000000001	12979
01000000000011	12980
01000000001001	12981
01000000001011	12982
01000000100001	12983
01000000100011	12984
01000000101001	12985
01000000101011	12986
01000010000001	12987
01000010000011	12988
01000010001001	12989
01000010001011	12990
01000010100001	12991
01000010100011	12992
01000010101001	12993
01000010101011	12994
01001000000001	12995
01001000000011	12996
01001000001001	12997
01001000001011	12998
01001000100001	12999
01001000100011	13000
01001000101001	13001
11001000101000	13002
11001000100010	13003
11001000100000	13004
11001000001010	13005
11001000001000	13006
11001000000010	13007
11001000000000	13008
11000010101010	13009
11000010101000	13010
11000010100010	13011
11000010100000	13012
11000010001010	13013
11000010001000	13014
11000010000010	13015
11000010000000	13016
11000000101010	13017
11000000101000	13018
11000000100010	13019
11000000100000	13020
11000000001010	13021
11000000001000	13022
11000000000010	13023
11000000000000	13024
01000000000000	13025
01000000000010	13026
01000000001000	13027
01000000001010	13028
01000000100000	13029
01000000100010	13030
01000000101000	13031
01000000101010	13032
01000010000000	13033
01000010000010	13034
01000010001000	13035
01000010001010	13036
01000010100000	13037
01000010100010	13038
01000010101000	13039
01000010101010	13040
01001000000000	13041
01001000000010	13042
01001000001000	13043
01001000001010	13044
01001000100000	13045
01001000100010	13046
01001000101000	13047
10001000101000	13048
10001000100010	13049
10001000100000	13050
10001000001010	13051
10001000001000	13052
10001000000010	13053
10001000000000	13054
10000010101010	13055
10000010101000	13056
10000010100010	13057
10000010100000	13058
10000010001010	13059
10000010001000	13060
10000010000010	13061
10000010000000	13062
10000000101010	13063
10000000101000	13064
10000000100010	13065
10000000100000	13066
10000000001010	13067
10000000001000	13068
10000000000010	13069
10000000000000	13070
00000000000000	13071
00000000000010	13072
00000000001000	13073
00000000001010	13074
00000000100000	13075
00000000100010	13076
00000000101000	13077
00000000101010	13078
00000010000000	13079
00000010000010	13080
00000010001000	13081
00000010001010	13082
00000010100000	13083
00000010100010	13084
00000010101000	13085
00000010101010	13086
00001000000000	13087
00001000000010	13088
00001000001000	13089
00001000001010	13090
00001000100000	13091
00001000100010	13092
00001000101000	13093
10001000101001	13094
10001000100011	13095
10001000100001	13096
10001000001011	13097
10001000001001	13098
10001000000011	13099
10001000000001	13100
10000010101011	13101
10000010101001	13102
10000010100011	13103
10000010100001	13104
10000010001011	13105
10000010001001	13106
10000010000011	13107
10000010000001	13108
10000000101011	13109
10000000101001	13110
10000000100011	13111
10000000100001	13112
10000000001011	13113
10000000001001	13114
10000000000011	13115
10000000000001	13116
00000000000001	13117
00000000000011	13118
00000000001001	13119
00000000001011	13120
00000000100001	13121
00000000100011	13122
00000000101001	13123
00000000101011	13124
00000010000001	13125
00000010000011	13126
00000010001001	13127
00000010001011	13128
00000010100001	13129
00000010100011	13130
00000010101001	13131
00000010101011	13132
00001000000001	13133
00001000000011	13134
00001000001001	13135
00001000001011	13136
00001000100001	13137
00001000100011	13138
00001000101001	13139
10001000101100	13140
10001000100110	13141
10001000100100	13142
10001000001110	13143
10001000001100	13144
10001000000110	13145
10001000000100	13146
10000010101110	13147
10000010101100	13148
10000010100110	13149
10000010100100	13150
10000010001110	13151
10000010001100	13152
10000010000110	13153
10000010000100	13154
10000000101110	13155
10000000101100	13156
10000000100110	13157
10000000100100	13158
10000000001110	13159
10000000001100	13160
10000000000110	13161
10000000000100	13162
00000000000100	13163
00000000000110	13164
00000000001100	13165
00000000001110	13166
00000000100100	13167
00000000100110	13168
00000000101100	13169
00000000101110	13170
00000010000100	13171
00000010000110	13172
00000010001100	13173
00000010001110	13174
00000010100100	13175
00000010100110	13176
00000010101100	13177
00000010101110	13178
00001000000100	13179
00001000000110	13180
00001000001100	13181
00001000001110	13182
00001000100100	13183
00001000100110	13184
00001000101100	13185
10001000101101	13186
10001000100111	13187
10001000100101	13188
10001000001111	13189
10001000001101	13190
10001000000111	13191
10001000000101	13192
10000010101111	13193
10000010101101	13194
10000010100111	13195
10000010100101	13196
10000010001111	13197
10000010001101	13198
10000010000111	13199
10000010000101	13200
10000000101111	13201
10000000101101	13202
10000000100111	13203
10000000100101	13204
10000000001111	13205
10000000001101	13206
10000000000111	13207
10000000000101	13208
00000000000101	13209
00000000000111	13210
00000000001101	13211
00000000001111	13212
00000000100101	13213
00000000100111	13214
00000000101101	13215
00000000101111	13216
00000010000101	13217
00000010000111	13218
00000010001101	13219
00000010001111	13220
00000010100101	13221
00000010100111	13222
00000010101101	13223
00000010101111	13224
00001000000101	13225
00001000000111	13226
00001000001101	13227
00001000001111	13228
00001000100101	13229
00001000100111	13230
00001000101101	13231
10001000111000	13232
10001000110010	13233
10001000110000	13234
10001000011010	13235
10001000011000	13236
10001000010010	13237
10001000010000	13238
10000010111010	13239
10000010111000	13240
10000010110010	13241
10000010110000	13242
10000010011010	13243
10000010011000	13244
10000010010010	13245
10000010010000	13246
10000000111010	13247
10000000111000	13248
10000000110010	13249
10000000110000	13250
10000000011010	13251
10000000011000	13252
10000000010010	13253
10000000010000	13254
00000000010000	13255
00000000010010	13256
00000000011000	13257
00000000011010	13258
00000000110000	13259
00000000110010	13260
00000000111000	13261
00000000111010	13262
00000010010000	13263
00000010010010	13264
00000010011000	13265
00000010011010	13266
00000010110000	13267
00000010110010	13268
00000010111000	13269
00000010111010	13270
00001000010000	13271
00001000010010	13272
00001000011000	13273
00001000011010	13274
00001000110000	13275
00001000110010	13276
00001000111000	13277
10001000111001	13278
10001000110011	13279
10001000110001	13280
10001000011011	13281
10001000011001	13282
10001000010011	13283
10001000010001	13284
10000010111011	13285
10000010111001	13286
10000010110011	13287
10000010110001	13288
10000010011011	13289
10000010011001	13290
10000010010011	13291
10000010010001	13292
10000000111011	13293
10000000111001	13294
10000000110011	13295
10000000110001	13296
10000000011011	13297
10000000011001	13298
10000000010011	13299
10000000010001	13300
00000000010001	13301
00000000010011	13302
00000000011001	13303
00000000011011	13304
00000000110001	13305
00000000110011	13306
00000000111001	13307
00000000111011	13308
00000010010001	13309
00000010010011	13310
00000010011001	13311
00000010011011	13312
00000010110001	13313
00000010110011	13314
00000010111001	13315
00000010111011	13316
00001000010001	13317
00001000010011	13318
00001000011001	13319
00001000011011	13320
00001000110001	13321
00001000110011	13322
00001000111001	13323
10001000111100	13324
10001000110110	13325
10001000110100	13326
10001000011110	13327
10001000011100	13328
10001000010110	13329
10001000010100	13330
10000010111110	13331
10000010111100	13332
10000010110110	13333
10000010110100	13334
10000010011110	13335
10000010011100	13336
10000010010110	13337
10000010010100	13338
10000000111110	13339
10000000111100	13340
10000000110110	13341
10000000110100	13342
10000000011110	13343
10000000011100	13344
10000000010110	13345
10000000010100	13346
00000000010100	13347
00000000010110	13348
00000000011100	13349
00000000011110	13350
00000000110100	13351
00000000110110	13352
00000000111100	13353
00000000111110	13354
00000010010100	13355
00000010010110	13356
00000010011100	13357
00000010011110	13358
00000010110100	13359
00000010110110	13360
00000010111100	13361
00000010111110	13362
00001000010100	13363
00001000010110	13364
00001000011100	13365
00001000011110	13366
00001000110100	13367
00001000110110	13368
00001000111100	13369
10001000111101	13370
10001000110111	13371
10001000110101	13372
10001000011111	13373
10001000011101	13374
10001000010111	13375
10001000010101	13376
10000010111111	13377
10000010111101	13378
10000010110111	13379
10000010110101	13380
10000010011111	13381
10000010011101	13382
10000010010111	13383
10000010010101	13384
10000000111111	13385
10000000111101	13386
10000000110111	13387
10000000110101	13388
10000000011111	13389
10000000011101	13390
10000000010111	13391
10000000010101	13392
00000000010101	13393
00000000010111	13394
00000000011101	13395
00000000011111	13396
00000000110101	13397
00000000110111	13398
00000000111101	13399
00000000111111	13400
00000010010101	13401
00000010010111	13402
00000010011101	13403
00000010011111	13404
00000010110101	13405
00000010110111	13406
00000010111101	13407
00000010111111	13408
00001000010101	13409
00001000010111	13410
00001000011101	13411
00001000011111	13412
00001000110101	13413
00001000110111	13414
00001000111101	13415
10001001101000	13416
10001001100010	13417
10001001100000	13418
10001001001010	13419
10001001001000	13420
10001001000010	13421
10001001000000	13422
10000011101010	13423
10000011101000	13424
10000011100010	13425
10000011100000	13426
10000011001010	13427
10000011001000	13428
10000011000010	13429
10000011000000	13430
10000001101010	13431
10000001101000	13432
10000001100010	13433
10000001100000	13434
10000001001010	13435
10000001001000	13436
10000001000010	13437
10000001000000	13438
00000001000000	13439
00000001000010	13440
00000001001000	13441
00000001001010	13442
00000001100000	13443
00000001100010	13444
00000001101000	13445
00000001101010	13446
00000011000000	13447
00000011000010	13448
00000011001000	13449
00000011001010	13450
00000011100000	13451
00000011100010	13452
00000011101000	13453
00000011101010	13454
00001001000000	13455
00001001000010	13456
00001001001000	13457
00001001001010	13458
00001001100000	13459
00001001100010	13460
00001001101000	13461
10001001101001	13462
10001001100011	13463
10001001100001	13464
10001001001011	13465
10001001001001	13466
10001001000011	13467
10001001000001	13468
10000011101011	13469
10000011101001	13470
10000011100011	13471
10000011100001	13472
10000011001011	13473
10000011001001	13474
10000011000011	13475
10000011000001	13476
10000001101011	13477
10000001101001	13478
10000001100011	13479
10000001100001	13480
10000001001011	13481
10000001001001	13482
10000001000011	13483
10000001000001	13484
00000001000001	13485
00000001000011	13486
00000001001001	13487
00000001001011	13488
00000001100001	13489
00000001100011	13490
00000001101001	13491
00000001101011	13492
00000011000001	13493
00000011000011	13494
00000011001001	13495
00000011001011	13496
00000011100001	13497
00000011100011	13498
00000011101001	13499
00000011101011	13500
00001001000001	13501
00001001000011	13502
00001001001001	13503
00001001001011	13504
00001001100001	13505
00001001100011	13506
00001001101001	13507
10001001101100	13508
10001001100110	13509
10001001100100	13510
10001001001110	13511
10001001001100	13512
10001001000110	13513
10001001000100	13514
10000011101110	13515
10000011101100	13516
10000011100110	13517
10000011100100	13518
10000011001110	13519
10000011001100	13520
10000011000110	13521
10000011000100	13522
10000001101110	13523
10000001101100	13524
10000001100110	13525
10000001100100	13526
10000001001110	13527
10000001001100	13528
10000001000110	13529
10000001000100	13530
00000001000100	13531
00000001000110	13532
00000001001100	13533
00000001001110	13534
00000001100100	13535
00000001100110	13536
00000001101100	13537
00000001101110	13538
00000011000100	13539
00000011000110	13540
00000011001100	13541
00000011001110	13542
00000011100100	13543
00000011100110	13544
00000011101100	13545
00000011101110	13546
00001001000100	13547
00001001000110	13548
00001001001100	13549
00001001001110	13550
00001001100100	13551
00001001100110	13552
00001001101100	13553
10001001101101	13554
10001001100111	13555
10001001100101	13556
10001001001111	13557
10001001001101	13558
10001001000111	13559
10001001000101	13560
10000011101111	13561
10000011101101	13562
10000011100111	13563
10000011100101	13564
10000011001111	13565
10000011001101	13566
10000011000111	13567
10000011000101	13568
10000001101111	13569
10000001101101	13570
10000001100111	13571
10000001100101	13572
10000001001111	13573
10000001001101	13574
10000001000111	13575
10000001000101	13576
00000001000101	13577
00000001000111	13578
00000001001101	13579
00000001001111	13580
00000001100101	13581
00000001100111	13582
00000001101101	13583
00000001101111	13584
00000011000101	13585
00000011000111	13586
00000011001101	13587
00000011001111	13588
00000011100101	13589
00000011100111	13590
00000011101101	13591
00000011101111	13592
00001001000101	13593
00001001000111	13594
00001001001101	13595
00001001001111	13596
00001001100101	13597
00001001100111	13598
00001001101101	13599
10001001111000	13600
10001001110010	13601
10001001110000	13602
10001001011010	13603
10001001011000	13604
10001001010010	13605
10001001010000	13606
10000011111010	13607
10000011111000	13608
10000011110010	13609
10000011110000	13610
10000011011010	13611
10000011011000	13612
10000011010010	13613
10000011010000	13614
10000001111010	13615
10000001111000	13616
10000001110010	13617
10000001110000	13618
10000001011010	13619
10000001011000	13620
10000001010010	13621
10000001010000	13622
00000001010000	13623
00000001010010	13624
00000001011000	13625
00000001011010	13626
00000001110000	13627
00000001110010	13628
00000001111000	13629
00000001111010	13630
00000011010000	13631
00000011010010	13632
00000011011000	13633
00000011011010	13634
00000011110000	13635
00000011110010	13636
00000011111000	13637
00000011111010	13638
00001001010000	13639
00001001010010	13640
00001001011000	13641
00001001011010	13642
00001001110000	13643
00001001110010	13644
00001001111000	13645
10001001111001	13646
10001001110011	13647
10001001110001	13648
10001001011011	13649
10001001011001	13650
10001001010011	13651
10001001010001	13652
10000011111011	13653
10000011111001	13654
10000011110011	13655
10000011110001	13656
10000011011011	13657
10000011011001	13658
10000011010011	13659
10000011010001	13660
10000001111011	13661
10000001111001	13662
10000001110011	13663
10000001110001	13664
10000001011011	13665
10000001011001	13666
10000001010011	13667
10000001010001	13668
00000001010001	13669
00000001010011	13670
00000001011001	13671
00000001011011	13672
00000001110001	13673
00000001110011	13674
00000001111001	13675
00000001111011	13676
00000011010001	13677
00000011010011	13678
00000011011001	13679
00000011011011	13680
00000011110001	13681
00000011110011	13682
00000011111001	13683
00000011111011	13684
00001001010001	13685
00001001010011	13686
00001001011001	13687
00001001011011	13688
00001001110001	13689
00001001110011	13690
00001001111001	13691
10001001111100	13692
10001001110110	13693
10001001110100	13694
10001001011110	13695
10001001011100	13696
10001001010110	13697
10001001010100	13698
10000011111110	13699
10000011111100	13700
10000011110110	13701
10000011110100	13702
10000011011110	13703
10000011011100	13704
10000011010110	13705
10000011010100	13706
10000001111110	13707
10000001111100	13708
10000001110110	13709
10000001110100	13710
10000001011110	13711
10000001011100	13712
10000001010110	13713
10000001010100	13714
00000001010100	13715
00000001010110	13716
00000001011100	13717
00000001011110	13718
00000001110100	13719
00000001110110	13720
00000001111100	13721
00000001111110	13722
00000011010100	13723
00000011010110	13724
00000011011100	13725
00000011011110	13726
00000011110100	13727
00000011110110	13728
00000011111100	13729
00000011111110	13730
00001001010100	13731
00001001010110	13732
00001001011100	13733
00001001011110	13734
00001001110100	13735
00001001110110	13736
00001001111100	13737
10001001111101	13738
10001001110111	13739
10001001110101	13740
10001001011111	13741
10001001011101	13742
10001001010111	13743
10001001010101	13744
10000011111111	13745
10000011111101	13746
10000011110111	13747
10000011110101	13748
10000011011111	13749
10000011011101	13750
10000011010111	13751
10000011010101	13752
10000001111111	13753
10000001111101	13754
10000001110111	13755
10000001110101	13756
10000001011111	13757
10000001011101	13758
10000001010111	13759
10000001010101	13760
00000001010101	13761
00000001010111	13762
00000001011101	13763
00000001011111	13764
00000001110101	13765
00000001110111	13766
00000001111101	13767
00000001111111	13768
00000011010101	13769
00000011010111	13770
00000011011101	13771
00000011011111	13772
00000011110101	13773
00000011110111	13774
00000011111101	13775
00000011111111	13776
00001001010101	13777
00001001010111	13778
00001001011101	13779
00001001011111	13780
00001001110101	13781
00001001110111	13782
00001001111101	13783
10001100101000	13784
10001100100010	13785
10001100100000	13786
10001100001010	13787
10001100001000	13788
10001100000010	13789
10001100000000	13790
10000110101010	13791
10000110101000	13792
10000110100010	13793
10000110100000	13794
10000110001010	13795
10000110001000	13796
10000110000010	13797
10000110000000	13798
10000100101010	13799
10000100101000	13800
10000100100010	13801
10000100100000	13802
10000100001010	13803
10000100001000	13804
10000100000010	13805
10000100000000	13806
00000100000000	13807
00000100000010	13808
00000100001000	13809
00000100001010	13810
00000100100000	13811
00000100100010	13812
00000100101000	13813
00000100101010	13814
00000110000000	13815
00000110000010	13816
00000110001000	13817
00000110001010	13818
00000110100000	13819
00000110100010	13820
00000110101000	13821
00000110101010	13822
00001100000000	13823
00001100000010	13824
00001100001000	13825
00001100001010	13826
00001100100000	13827
00001100100010	13828
00001100101000	13829
10001100101001	13830
10001100100011	13831
10001100100001	13832
10001100001011	13833
10001100001001	13834
10001100000011	13835
10001100000001	13836
10000110101011	13837
10000110101001	13838
10000110100011	13839
10000110100001	13840
10000110001011	13841
10000110001001	13842
10000110000011	13843
10000110000001	13844
10000100101011	13845
10000100101001	13846
10000100100011	13847
10000100100001	13848
10000100001011	13849
10000100001001	13850
10000100000011	13851
10000100000001	13852
00000100000001	13853
00000100000011	13854
00000100001001	13855
00000100001011	13856
00000100100001	13857
00000100100011	13858
00000100101001	13859
00000100101011	13860
00000110000001	13861
00000110000011	13862
00000110001001	13863
00000110001011	13864
00000110100001	13865
00000110100011	13866
00000110101001	13867
00000110101011	13868
00001100000001	13869
00001100000011	13870
00001100001001	13871
00001100001011	13872
00001100100001	13873
00001100100011	13874
00001100101001	13875
10001100101100	13876
10001100100110	13877
10001100100100	13878
10001100001110	13879
10001100001100	13880
10001100000110	13881
10001100000100	13882
10000110101110	13883
10000110101100	13884
10000110100110	13885
10000110100100	13886
10000110001110	13887
10000110001100	13888
10000110000110	13889
10000110000100	13890
10000100101110	13891
10000100101100	13892
10000100100110	13893
10000100100100	13894
10000100001110	13895
10000100001100	13896
10000100000110	13897
10000100000100	13898
00000100000100	13899
00000100000110	13900
00000100001100	13901
00000100001110	13902
00000100100100	13903
00000100100110	13904
00000100101100	13905
00000100101110	13906
00000110000100	13907
00000110000110	13908
00000110001100	13909
00000110001110	13910
00000110100100	13911
00000110100110	13912
00000110101100	13913
00000110101110	13914
00001100000100	13915
00001100000110	13916
00001100001100	13917
00001100001110	13918
00001100100100	13919
00001100100110	13920
00001100101100	13921
10001100101101	13922
10001100100111	13923
10001100100101	13924
10001100001111	13925
10001100001101	13926
10001100000111	13927
10001100000101	13928
10000110101111	13929
10000110101101	13930
10000110100111	13931
10000110100101	13932
10000110001111	13933
10000110001101	13934
10000110000111	13935
10000110000101	13936
10000100101111	13937
10000100101101	13938
10000100100111	13939
10000100100101	13940
10000100001111	13941
10000100001101	13942
10000100000111	13943
10000100000101	13944
00000100000101	13945
00000100000111	13946
00000100001101	13947
00000100001111	13948
00000100100101	13949
00000100100111	13950
00000100101101	13951
00000100101111	13952
00000110000101	13953
00000110000111	13954
00000110001101	13955
00000110001111	13956
00000110100101	13957
00000110100111	13958
00000110101101	13959
00000110101111	13960
00001100000101	13961
00001100000111	13962
00001100001101	13963
00001100001111	13964
00001100100101	13965
00001100100111	13966
00001100101101	13967
10001100111000	13968
10001100110010	13969
10001100110000	13970
10001100011010	13971
10001100011000	13972
10001100010010	13973
10001100010000	13974
10000110111010	13975
10000110111000	13976
10000110110010	13977
10000110110000	13978
10000110011010	13979
10000110011000	13980
10000110010010	13981
10000110010000	13982
10000100111010	13983
10000100111000	13984
10000100110010	13985
10000100110000	13986
10000100011010	13987
10000100011000	13988
10000100010010	13989
10000100010000	13990
00000100010000	13991
00000100010010	13992
00000100011000	13993
00000100011010	13994
00000100110000	13995
00000100110010	13996
00000100111000	13997
00000100111010	13998
00000110010000	13999
00000110010010	14000
00000110011000	14001
00000110011010	14002
00000110110000	14003
00000110110010	14004
00000110111000	14005
00000110111010	14006
00001100010000	14007
00001100010010	14008
00001100011000	14009
00001100011010	14010
00001100110000	14011
00001100110010	14012
00001100111000	14013
10001100111001	14014
10001100110011	14015
10001100110001	14016
10001100011011	14017
10001100011001	14018
10001100010011	14019
10001100010001	14020
10000110111011	14021
10000110111001	14022
10000110110011	14023
10000110110001	14024
10000110011011	14025
10000110011001	14026
10000110010011	14027
10000110010001	14028
10000100111011	14029
10000100111001	14030
10000100110011	14031
10000100110001	14032
10000100011011	14033
10000100011001	14034
10000100010011	14035
10000100010001	14036
00000100010001	14037
00000100010011	14038
00000100011001	14039
00000100011011	14040
00000100110001	14041
00000100110011	14042
00000100111001	14043
00000100111011	14044
00000110010001	14045
00000110010011	14046
00000110011001	14047
00000110011011	14048
00000110110001	14049
00000110110011	14050
00000110111001	14051
00000110111011	14052
00001100010001	14053
00001100010011	14054
00001100011001	14055
00001100011011	14056
00001100110001	14057
00001100110011	14058
00001100111001	14059
10001100111100	14060
10001100110110	14061
10001100110100	14062
10001100011110	14063
10001100011100	14064
10001100010110	14065
10001100010100	14066
10000110111110	14067
10000110111100	14068
10000110110110	14069
10000110110100	14070
10000110011110	14071
10000110011100	14072
10000110010110	14073
10000110010100	14074
10000100111110	14075
10000100111100	14076
10000100110110	14077
10000100110100	14078
10000100011110	14079
10000100011100	14080
10000100010110	14081
10000100010100	14082
00000100010100	14083
00000100010110	14084
00000100011100	14085
00000100011110	14086
00000100110100	14087
00000100110110	14088
00000100111100	14089
00000100111110	14090
00000110010100	14091
00000110010110	14092
00000110011100	14093
00000110011110	14094
00000110110100	14095
00000110110110	14096
00000110111100	14097
00000110111110	14098
00001100010100	14099
00001100010110	14100
00001100011100	14101
00001100011110	14102
00001100110100	14103
00001100110110	14104
00001100111100	14105
10001100111101	14106
10001100110111	14107
10001100110101	14108
10001100011111	14109
10001100011101	14110
10001100010111	14111
10001100010101	14112
10000110111111	14113
10000110111101	14114
10000110110111	14115
10000110110101	14116
10000110011111	14117
10000110011101	14118
10000110010111	14119
10000110010101	14120
10000100111111	14121
10000100111101	14122
10000100110111	14123
10000100110101	14124
10000100011111	14125
10000100011101	14126
10000100010111	14127
10000100010101	14128
00000100010101	14129
00000100010111	14130
00000100011101	14131
00000100011111	14132
00000100110101	14133
00000100110111	14134
00000100111101	14135
00000100111111	14136
00000110010101	14137
00000110010111	14138
00000110011101	14139
00000110011111	14140
00000110110101	14141
00000110110111	14142
00000110111101	14143
00000110111111	14144
00001100010101	14145
00001100010111	14146
00001100011101	14147
00001100011111	14148
00001100110101	14149
00001100110111	14150
00001100111101	14151
10001101101000	14152
10001101100010	14153
10001101100000	14154
10001101001010	14155
10001101001000	14156
10001101000010	14157
10001101000000	14158
10000111101010	14159
10000111101000	14160
10000111100010	14161
10000111100000	14162
10000111001010	14163
10000111001000	14164
10000111000010	14165
10000111000000	14166
10000101101010	14167
10000101101000	14168
10000101100010	14169
10000101100000	14170
10000101001010	14171
10000101001000	14172
10000101000010	14173
10000101000000	14174
00000101000000	14175
00000101000010	14176
00000101001000	14177
00000101001010	14178
00000101100000	14179
00000101100010	14180
00000101101000	14181
00000101101010	14182
00000111000000	14183
00000111000010	14184
00000111001000	14185
00000111001010	14186
00000111100000	14187
00000111100010	14188
00000111101000	14189
00000111101010	14190
00001101000000	14191
00001101000010	14192
00001101001000	14193
00001101001010	14194
00001101100000	14195
00001101100010	14196
00001101101000	14197
10001101101001	14198
10001101100011	14199
10001101100001	14200
10001101001011	14201
10001101001001	14202
10001101000011	14203
10001101000001	14204
10000111101011	14205
10000111101001	14206
10000111100011	14207
10000111100001	14208
10000111001011	14209
10000111001001	14210
10000111000011	14211
10000111000001	14212
10000101101011	14213
10000101101001	14214
10000101100011	14215
10000101100001	14216
10000101001011	14217
10000101001001	14218
10000101000011	14219
10000101000001	14220
00000101000001	14221
00000101000011	14222
00000101001001	14223
00000101001011	14224
00000101100001	14225
00000101100011	14226
00000101101001	14227
00000101101011	14228
00000111000001	14229
00000111000011	14230
00000111001001	14231
00000111001011	14232
00000111100001	14233
00000111100011	14234
00000111101001	14235
00000111101011	14236
00001101000001	14237
00001101000011	14238
00001101001001	14239
00001101001011	14240
00001101100001	14241
00001101100011	14242
00001101101001	14243
10001101101100	14244
10001101100110	14245
10001101100100	14246
10001101001110	14247
10001101001100	14248
10001101000110	14249
10001101000100	14250
10000111101110	14251
10000111101100	14252
10000111100110	14253
10000111100100	14254
10000111001110	14255
10000111001100	14256
10000111000110	14257
10000111000100	14258
10000101101110	14259
10000101101100	14260
10000101100110	14261
10000101100100	14262
10000101001110	14263
10000101001100	14264
10000101000110	14265
10000101000100	14266
00000101000100	14267
00000101000110	14268
00000101001100	14269
00000101001110	14270
00000101100100	14271
00000101100110	14272
00000101101100	14273
00000101101110	14274
00000111000100	14275
00000111000110	14276
00000111001100	14277
00000111001110	14278
00000111100100	14279
00000111100110	14280
00000111101100	14281
00000111101110	14282
00001101000100	14283
00001101000110	14284
00001101001100	14285
00001101001110	14286
00001101100100	14287
00001101100110	14288
00001101101100	14289
10001101101101	14290
10001101100111	14291
10001101100101	14292
10001101001111	14293
10001101001101	14294
10001101000111	14295
10001101000101	14296
10000111101111	14297
10000111101101	14298
10000111100111	14299
10000111100101	14300
10000111001111	14301
10000111001101	14302
10000111000111	14303
10000111000101	14304
10000101101111	14305
10000101101101	14306
10000101100111	14307
10000101100101	14308
10000101001111	14309
10000101001101	14310
10000101000111	14311
10000101000101	14312
00000101000101	14313
00000101000111	14314
00000101001101	14315
00000101001111	14316
00000101100101	14317
00000101100111	14318
00000101101101	14319
00000101101111	14320
00000111000101	14321
00000111000111	14322
00000111001101	14323
00000111001111	14324
00000111100101	14325
00000111100111	14326
00000111101101	14327
00000111101111	14328
00001101000101	14329
00001101000111	14330
00001101001101	14331
00001101001111	14332
00001101100101	14333
00001101100111	14334
00001101101101	14335
10001101111000	14336
10001101110010	14337
10001101110000	14338
10001101011010	14339
10001101011000	14340
10001101010010	14341
10001101010000	14342
10000111111010	14343
10000111111000	14344
10000111110010	14345
10000111110000	14346
10000111011010	14347
10000111011000	14348
10000111010010	14349
10000111010000	14350
10000101111010	14351
10000101111000	14352
10000101110010	14353
10000101110000	14354
10000101011010	14355
10000101011000	14356
10000101010010	14357
10000101010000	14358
00000101010000	14359
00000101010010	14360
00000101011000	14361
00000101011010	14362
00000101110000	14363
00000101110010	14364
00000101111000	14365
00000101111010	14366
00000111010000	14367
00000111010010	14368
00000111011000	14369
00000111011010	14370
00000111110000	14371
00000111110010	14372
00000111111000	14373
00000111111010	14374
00001101010000	14375
00001101010010	14376
00001101011000	14377
00001101011010	14378
00001101110000	14379
00001101110010	14380
00001101111000	14381
10001101111001	14382
10001101110011	14383
10001101110001	14384
10001101011011	14385
10001101011001	14386
10001101010011	14387
10001101010001	14388
10000111111011	14389
10000111111001	14390
10000111110011	14391
10000111110001	14392
10000111011011	14393
10000111011001	14394
10000111010011	14395
10000111010001	14396
10000101111011	14397
10000101111001	14398
10000101110011	14399
10000101110001	14400
10000101011011	14401
10000101011001	14402
10000101010011	14403
10000101010001	14404
00000101010001	14405
00000101010011	14406
00000101011001	14407
00000101011011	14408
00000101110001	14409
00000101110011	14410
00000101111001	14411
00000101111011	14412
00000111010001	14413
00000111010011	14414
00000111011001	14415
00000111011011	14416
00000111110001	14417
00000111110011	14418
00000111111001	14419
00000111111011	14420
00001101010001	14421
00001101010011	14422
00001101011001	14423
00001101011011	14424
00001101110001	14425
00001101110011	14426
00001101111001	14427
10001101111100	14428
10001101110110	14429
10001101110100	14430
10001101011110	14431
10001101011100	14432
10001101010110	14433
10001101010100	14434
10000111111110	14435
10000111111100	14436
10000111110110	14437
10000111110100	14438
10000111011110	14439
10000111011100	14440
10000111010110	14441
10000111010100	14442
10000101111110	14443
10000101111100	14444
10000101110110	14445
10000101110100	14446
10000101011110	14447
10000101011100	14448
10000101010110	14449
10000101010100	14450
00000101010100	14451
00000101010110	14452
00000101011100	14453
00000101011110	14454
00000101110100	14455
00000101110110	14456
00000101111100	14457
00000101111110	14458
00000111010100	14459
00000111010110	14460
00000111011100	14461
00000111011110	14462
00000111110100	14463
00000111110110	14464
00000111111100	14465
00000111111110	14466
00001101010100	14467
00001101010110	14468
00001101011100	14469
00001101011110	14470
00001101110100	14471
00001101110110	14472
00001101111100	14473
10001101111101	14474
10001101110111	14475
10001101110101	14476
10001101011111	14477
10001101011101	14478
10001101010111	14479
10001101010101	14480
10000111111111	14481
10000111111101	14482
10000111110111	14483
10000111110101	14484
10000111011111	14485
10000111011101	14486
10000111010111	14487
10000111010101	14488
10000101111111	14489
10000101111101	14490
10000101110111	14491
10000101110101	14492
10000101011111	14493
10000101011101	14494
10000101010111	14495
10000101010101	14496
00000101010101	14497
00000101010111	14498
00000101011101	14499
00000101011111	14500
00000101110101	14501
00000101110111	14502
00000101111101	14503
00000101111111	14504
00000111010101	14505
00000111010111	14506
00000111011101	14507
00000111011111	14508
00000111110101	14509
00000111110111	14510
00000111111101	14511
00000111111111	14512
00001101010101	14513
00001101010111	14514
00001101011101	14515
00001101011111	14516
00001101110101	14517
00001101110111	14518
00001101111101	14519
10011000101000	14520
10011000100010	14521
10011000100000	14522
10011000001010	14523
10011000001000	14524
10011000000010	14525
10011000000000	14526
10010010101010	14527
10010010101000	14528
10010010100010	14529
10010010100000	14530
10010010001010	14531
10010010001000	14532
10010010000010	14533
10010010000000	14534
10010000101010	14535
10010000101000	14536
10010000100010	14537
10010000100000	14538
10010000001010	14539
10010000001000	14540
10010000000010	14541
10010000000000	14542
00010000000000	14543
00010000000010	14544
00010000001000	14545
00010000001010	14546
00010000100000	14547
00010000100010	14548
00010000101000	14549
00010000101010	14550
00010010000000	14551
00010010000010	14552
00010010001000	14553
00010010001010	14554
00010010100000	14555
00010010100010	14556
00010010101000	14557
00010010101010	14558
00011000000000	14559
00011000000010	14560
00011000001000	14561
00011000001010	14562
00011000100000	14563
00011000100010	14564
00011000101000	14565
10011000101001	14566
10011000100011	14567
10011000100001	14568
10011000001011	14569
10011000001001	14570
10011000000011	14571
10011000000001	14572
10010010101011	14573
10010010101001	14574
10010010100011	14575
10010010100001	14576
10010010001011	14577
10010010001001	14578
10010010000011	14579
10010010000001	14580
10010000101011	14581
10010000101001	14582
10010000100011	14583
10010000100001	14584
10010000001011	14585
10010000001001	14586
10010000000011	14587
10010000000001	14588
00010000000001	14589
00010000000011	14590
00010000001001	14591
00010000001011	14592
00010000100001	14593
00010000100011	14594
00010000101001	14595
00010000101011	14596
00010010000001	14597
00010010000011	14598
00010010001001	14599
00010010001011	14600
00010010100001	14601
00010010100011	14602
00010010101001	14603
00010010101011	14604
00011000000001	14605
00011000000011	14606
00011000001001	14607
00011000001011	14608
00011000100001	14609
00011000100011	14610
00011000101001	14611
10011000101100	14612
10011000100110	14613
10011000100100	14614
10011000001110	14615
10011000001100	14616
10011000000110	14617
10011000000100	14618
10010010101110	14619
10010010101100	14620
10010010100110	14621
10010010100100	14622
10010010001110	14623
10010010001100	14624
10010010000110	14625
10010010000100	14626
10010000101110	14627
10010000101100	14628
10010000100110	14629
10010000100100	14630
10010000001110	14631
10010000001100	14632
10010000000110	14633
10010000000100	14634
00010000000100	14635
00010000000110	14636
00010000001100	14637
00010000001110	14638
00010000100100	14639
00010000100110	14640
00010000101100	14641
00010000101110	14642
00010010000100	14643
00010010000110	14644
00010010001100	14645
00010010001110	14646
00010010100100	14647
00010010100110	14648
00010010101100	14649
00010010101110	14650
00011000000100	14651
00011000000110	14652
00011000001100	14653
00011000001110	14654
00011000100100	14655
00011000100110	14656
00011000101100	14657
10011000101101	14658
10011000100111	14659
10011000100101	14660
10011000001111	14661
10011000001101	14662
10011000000111	14663
10011000000101	14664
10010010101111	14665
10010010101101	14666
10010010100111	14667
10010010100101	14668
10010010001111	14669
10010010001101	14670
10010010000111	14671
10010010000101	14672
10010000101111	14673
10010000101101	14674
10010000100111	14675
10010000100101	14676
10010000001111	14677
10010000001101	14678
10010000000111	14679
10010000000101	14680
00010000000101	14681
00010000000111	14682
00010000001101	14683
00010000001111	14684
00010000100101	14685
00010000100111	14686
00010000101101	14687
00010000101111	14688
00010010000101	14689
00010010000111	14690
00010010001101	14691
00010010001111	14692
00010010100101	14693
00010010100111	14694
00010010101101	14695
00010010101111	14696
00011000000101	14697
00011000000111	14698
00011000001101	14699
00011000001111	14700
00011000100101	14701
00011000100111	14702
00011000101101	14703
10011000111000	14704
10011000110010	14705
10011000110000	14706
10011000011010	14707
10011000011000	14708
10011000010010	14709
10011000010000	14710
10010010111010	14711
10010010111000	14712
10010010110010	14713
10010010110000	14714
10010010011010	14715
10010010011000	14716
10010010010010	14717
10010010010000	14718
10010000111010	14719
10010000111000	14720
10010000110010	14721
10010000110000	14722
10010000011010	14723
10010000011000	14724
10010000010010	14725
10010000010000	14726
00010000010000	14727
00010000010010	14728
00010000011000	14729
00010000011010	14730
00010000110000	14731
00010000110010	14732
00010000111000	14733
00010000111010	14734
00010010010000	14735
00010010010010	14736
00010010011000	14737
00010010011010	14738
00010010110000	14739
00010010110010	14740
00010010111000	14741
00010010111010	14742
00011000010000	14743
00011000010010	14744
00011000011000	14745
00011000011010	14746
00011000110000	14747
00011000110010	14748
00011000111000	14749
10011000111001	14750
10011000110011	14751
10011000110001	14752
10011000011011	14753
10011000011001	14754
10011000010011	14755
10011000010001	14756
10010010111011	14757
10010010111001	14758
10010010110011	14759
10010010110001	14760
10010010011011	14761
10010010011001	14762
10010010010011	14763
10010010010001	14764
10010000111011	14765
10010000111001	14766
10010000110011	14767
10010000110001	14768
10010000011011	14769
10010000011001	14770
10010000010011	14771
10010000010001	14772
00010000010001	14773
00010000010011	14774
00010000011001	14775
00010000011011	14776
00010000110001	14777
00010000110011	14778
00010000111001	14779
00010000111011	14780
00010010010001	14781
00010010010011	14782
00010010011001	14783
00010010011011	14784
00010010110001	14785
00010010110011	14786
00010010111001	14787
00010010111011	14788
00011000010001	14789
00011000010011	14790
00011000011001	14791
00011000011011	14792
00011000110001	14793
00011000110011	14794
00011000111001	14795
10011000111100	14796
10011000110110	14797
10011000110100	14798
10011000011110	14799
10011000011100	14800
10011000010110	14801
10011000010100	14802
10010010111110	14803
10010010111100	14804
10010010110110	14805
10010010110100	14806
10010010011110	14807
10010010011100	14808
10010010010110	14809
10010010010100	14810
10010000111110	14811
10010000111100	14812
10010000110110	14813
10010000110100	14814
10010000011110	14815
10010000011100	14816
10010000010110	14817
10010000010100	14818
00010000010100	14819
00010000010110	14820
00010000011100	14821
00010000011110	14822
00010000110100	14823
00010000110110	14824
00010000111100	14825
00010000111110	14826
00010010010100	14827
00010010010110	14828
00010010011100	14829
00010010011110	14830
00010010110100	14831
00010010110110	14832
00010010111100	14833
00010010111110	14834
00011000010100	14835
00011000010110	14836
00011000011100	14837
00011000011110	14838
00011000110100	14839
00011000110110	14840
00011000111100	14841
10011000111101	14842
10011000110111	14843
10011000110101	14844
10011000011111	14845
10011000011101	14846
10011000010111	14847
10011000010101	14848
10010010111111	14849
10010010111101	14850
10010010110111	14851
10010010110101	14852
10010010011111	14853
10010010011101	14854
10010010010111	14855
10010010010101	14856
10010000111111	14857
10010000111101	14858
10010000110111	14859
10010000110101	14860
10010000011111	14861
10010000011101	14862
10010000010111	14863
10010000010101	14864
00010000010101	14865
00010000010111	14866
00010000011101	14867
00010000011111	14868
00010000110101	14869
00010000110111	14870
00010000111101	14871
00010000111111	14872
00010010010101	14873
00010010010111	14874
00010010011101	14875
00010010011111	14876
00010010110101	14877
00010010110111	14878
00010010111101	14879
00010010111111	14880
00011000010101	14881
00011000010111	14882
00011000011101	14883
00011000011111	14884
00011000110101	14885
00011000110111	14886
00011000111101	14887
10011001101000	14888
10011001100010	14889
10011001100000	14890
10011001001010	14891
10011001001000	14892
10011001000010	14893
10011001000000	14894
10010011101010	14895
10010011101000	14896
10010011100010	14897
10010011100000	14898
10010011001010	14899
10010011001000	14900
10010011000010	14901
10010011000000	14902
10010001101010	14903
10010001101000	14904
10010001100010	14905
10010001100000	14906
10010001001010	14907
10010001001000	14908
10010001000010	14909
10010001000000	14910
00010001000000	14911
00010001000010	14912
00010001001000	14913
00010001001010	14914
00010001100000	14915
00010001100010	14916
00010001101000	14917
00010001101010	14918
00010011000000	14919
00010011000010	14920
00010011001000	14921
00010011001010	14922
00010011100000	14923
00010011100010	14924
00010011101000	14925
00010011101010	14926
00011001000000	14927
00011001000010	14928
00011001001000	14929
00011001001010	14930
00011001100000	14931
00011001100010	14932
00011001101000	14933
10011001101001	14934
10011001100011	14935
10011001100001	14936
10011001001011	14937
10011001001001	14938
10011001000011	14939
10011001000001	14940
10010011101011	14941
10010011101001	14942
10010011100011	14943
10010011100001	14944
10010011001011	14945
10010011001001	14946
10010011000011	14947
10010011000001	14948
10010001101011	14949
10010001101001	14950
10010001100011	14951
10010001100001	14952
10010001001011	14953
10010001001001	14954
10010001000011	14955
10010001000001	14956
00010001000001	14957
00010001000011	14958
00010001001001	14959
00010001001011	14960
00010001100001	14961
00010001100011	14962
00010001101001	14963
00010001101011	14964
00010011000001	14965
00010011000011	14966
00010011001001	14967
00010011001011	14968
00010011100001	14969
00010011100011	14970
00010011101001	14971
00010011101011	14972
00011001000001	14973
00011001000011	14974
00011001001001	14975
00011001001011	14976
00011001100001	14977
00011001100011	14978
00011001101001	14979
10011001101100	14980
10011001100110	14981
10011001100100	14982
10011001001110	14983
10011001001100	14984
10011001000110	14985
10011001000100	14986
10010011101110	14987
10010011101100	14988
10010011100110	14989
10010011100100	14990
10010011001110	14991
10010011001100	14992
10010011000110	14993
10010011000100	14994
10010001101110	14995
10010001101100	14996
10010001100110	14997
10010001100100	14998
10010001001110	14999
10010001001100	15000
10010001000110	15001
10010001000100	15002
00010001000100	15003
00010001000110	15004
00010001001100	15005
00010001001110	15006
00010001100100	15007
00010001100110	15008
00010001101100	15009
00010001101110	15010
00010011000100	15011
00010011000110	15012
00010011001100	15013
00010011001110	15014
00010011100100	15015
00010011100110	15016
00010011101100	15017
00010011101110	15018
00011001000100	15019
00011001000110	15020
00011001001100	15021
00011001001110	15022
00011001100100	15023
00011001100110	15024
00011001101100	15025
10011001101101	15026
10011001100111	15027
10011001100101	15028
10011001001111	15029
10011001001101	15030
10011001000111	15031
10011001000101	15032
10010011101111	15033
10010011101101	15034
10010011100111	15035
10010011100101	15036
10010011001111	15037
10010011001101	15038
10010011000111	15039
10010011000101	15040
10010001101111	15041
10010001101101	15042
10010001100111	15043
10010001100101	15044
10010001001111	15045
10010001001101	15046
10010001000111	15047
10010001000101	15048
00010001000101	15049
00010001000111	15050
00010001001101	15051
00010001001111	15052
00010001100101	15053
00010001100111	15054
00010001101101	15055
00010001101111	15056
00010011000101	15057
00010011000111	15058
00010011001101	15059
00010011001111	15060
00010011100101	15061
00010011100111	15062
00010011101101	15063
00010011101111	15064
00011001000101	15065
00011001000111	15066
00011001001101	15067
00011001001111	15068
00011001100101	15069
00011001100111	15070
00011001101101	15071
10011001111000	15072
10011001110010	15073
10011001110000	15074
10011001011010	15075
10011001011000	15076
10011001010010	15077
10011001010000	15078
10010011111010	15079
10010011111000	15080
10010011110010	15081
10010011110000	15082
10010011011010	15083
10010011011000	15084
10010011010010	15085
10010011010000	15086
10010001111010	15087
10010001111000	15088
10010001110010	15089
10010001110000	15090
10010001011010	15091
10010001011000	15092
10010001010010	15093
10010001010000	15094
00010001010000	15095
00010001010010	15096
00010001011000	15097
00010001011010	15098
00010001110000	15099
00010001110010	15100
00010001111000	15101
00010001111010	15102
00010011010000	15103
00010011010010	15104
00010011011000	15105
00010011011010	15106
00010011110000	15107
00010011110010	15108
00010011111000	15109
00010011111010	15110
00011001010000	15111
00011001010010	15112
00011001011000	15113
00011001011010	15114
00011001110000	15115
00011001110010	15116
00011001111000	15117
